City_ID,City,Country,Date,Lat,Lng,Max Temp,Humidity,Cloudiness,Wind Speed
0,Bathsheba,BB,2023-02-02 21:37:37,13.2167,-59.5167,27.34,61,40,9.26
1,Vuktyl,RU,2023-02-02 21:37:38,63.8567,57.3094,-10.48,92,98,3.61
2,Weatherford,US,2023-02-02 21:37:38,32.7593,-97.7972,0.81,90,100,2.27
3,Kapaa,US,2023-02-02 21:37:39,22.0752,-159.319,26.18,78,75,4.12
4,Hobart,AU,2023-02-02 21:37:39,-42.8794,147.3294,10.92,89,20,4.63
5,Tuktoyaktuk,CA,2023-02-02 21:37:39,69.4541,-133.0374,-38.0,74,40,2.57
6,Rikitea,PF,2023-02-02 21:37:40,-23.1203,-134.9692,26.24,71,80,6.39
7,Hermanus,ZA,2023-02-02 21:37:40,-34.4187,19.2345,15.45,78,6,3.17
8,Necochea,AR,2023-02-02 21:37:41,-38.5473,-58.7368,21.64,70,34,7.09
9,Clyde River,CA,2023-02-02 21:37:09,70.4692,-68.5914,-31.87,68,20,3.6
10,Tautira,PF,2023-02-02 21:37:41,-17.7333,-149.15,27.07,82,6,8.65
11,Kibala,TD,2023-02-02 21:37:41,9.1104,18.3463,26.97,26,0,2.06
12,Yinchuan,CN,2023-02-02 21:37:42,38.4681,106.2731,-4.04,33,17,2.43
13,Mazatlan,MX,2023-02-02 21:33:36,23.2167,-106.4167,26.98,76,40,6.17
14,Saint-Philippe,RE,2023-02-02 21:37:42,-21.3585,55.7679,24.77,88,64,5.67
15,Porto Santo,PT,2023-02-02 21:37:43,33.072,-16.3415,15.21,63,40,3.6
16,Kedrovyy,RU,2023-02-02 21:37:43,56.1667,91.8167,-22.3,97,12,1.26
17,Ribeira Grande,PT,2023-02-02 21:34:18,38.5167,-28.7,16.22,82,75,7.72
18,Bambous Virieux,MU,2023-02-02 21:34:53,-20.3428,57.7575,25.68,88,40,1.54
19,Ushuaia,AR,2023-02-02 21:37:44,-54.8,-68.3,19.81,42,40,4.12
20,Sindor,RU,2023-02-02 21:37:44,62.8629,51.8905,-8.52,95,100,2.78
21,Sitio Novo Do Tocantins,BR,2023-02-02 21:37:44,-5.5183,-47.4611,23.11,96,85,1.52
22,Derendingen,CH,2023-02-02 21:37:45,47.1985,7.5884,5.68,83,75,1.03
23,Albany,US,2023-02-02 21:36:17,42.6001,-73.9662,1.43,40,18,3.06
24,Cabo San Lucas,MX,2023-02-02 21:35:30,22.8909,-109.9124,24.23,53,40,4.63
25,Urumqi,CN,2023-02-02 21:36:01,43.801,87.6005,-16.47,85,72,1.0
26,Mar Del Plata,AR,2023-02-02 21:37:01,-38.0023,-57.5575,22.19,87,75,10.28
27,Lake Cowichan,CA,2023-02-02 21:37:46,48.825,-124.0546,5.59,67,100,1.04
28,Naze,JP,2023-02-02 21:37:46,28.3667,129.4833,11.51,68,3,3.65
29,Mataura,NZ,2023-02-02 21:37:46,-46.1927,168.8643,25.87,52,34,1.64
30,Jamestown,US,2023-02-02 21:37:47,42.097,-79.2353,2.77,40,0,8.23
31,Bethel,US,2023-02-02 21:36:51,41.3712,-73.414,3.2,39,0,4.12
32,Lovozero,RU,2023-02-02 21:37:47,68.005,35.0117,-7.69,96,100,2.05
33,Broome,US,2023-02-02 21:37:48,42.2506,-75.833,2.06,45,0,4.92
34,Puerto Maldonado,PE,2023-02-02 21:37:48,-12.6,-69.1833,32.22,62,20,4.12
35,Rocha,UY,2023-02-02 21:37:26,-34.4833,-54.3333,19.1,95,100,4.22
36,Lasa,IT,2023-02-02 21:37:49,46.6166,10.7002,3.49,94,73,3.54
37,Nagornskiy,RU,2023-02-02 21:37:49,58.7731,57.5451,-13.38,98,100,1.45
38,Saskylakh,RU,2023-02-02 21:37:49,71.9167,114.0833,-25.46,99,100,1.25
39,Mayo,US,2023-02-02 21:37:50,38.8876,-76.5119,5.62,60,0,3.6
40,East London,ZA,2023-02-02 21:37:50,-33.0153,27.9116,22.63,83,68,1.48
41,Airai,TL,2023-02-02 21:37:50,-8.9266,125.4092,16.11,97,100,1.3
42,Maceio,BR,2023-02-02 21:32:52,-9.6658,-35.7353,27.69,78,40,5.66
43,San Cristobal,VE,2023-02-02 21:37:51,7.7669,-72.225,24.1,33,5,2.3
44,Nechi,CO,2023-02-02 21:37:51,8.0942,-74.7757,31.45,47,7,1.85
45,Qaanaaq,GL,2023-02-02 21:37:52,77.484,-69.3632,-16.82,60,13,4.08
46,Imeni Poliny Osipenko,RU,2023-02-02 21:37:52,52.4201,136.4853,-35.32,100,100,0.52
47,Ponta Do Sol,PT,2023-02-02 21:37:52,32.6667,-17.1,15.35,56,46,3.83
48,San Quintin,MX,2023-02-02 21:37:53,30.4833,-115.95,17.54,41,13,4.4
49,Bluff,NZ,2023-02-02 21:37:53,-46.6,168.3333,18.59,87,58,2.17
50,Quatre Cocos,MU,2023-02-02 21:38:53,-20.2078,57.7625,25.61,81,2,2.22
51,Husavik,IS,2023-02-02 21:38:54,66.0449,-17.3389,-0.28,96,100,6.02
52,Canon City,US,2023-02-02 21:36:55,38.441,-105.2424,11.09,26,0,4.12
53,Ullapool,GB,2023-02-02 21:38:54,57.8987,-5.1604,9.08,78,100,10.76
54,Rutul,RU,2023-02-02 21:38:55,41.5357,47.4239,-0.92,95,98,2.06
55,Toamasina,MG,2023-02-02 21:38:55,-18.1667,49.3833,24.0,94,40,3.09
56,Iquique,CL,2023-02-02 21:38:55,-20.2208,-70.1431,25.02,77,32,1.96
57,Nurpur,IN,2023-02-02 21:38:56,29.15,78.4167,10.74,56,0,3.51
58,Luderitz,NA,2023-02-02 21:35:43,-26.6481,15.1594,18.04,65,6,8.86
59,Roma,US,2023-02-02 21:34:03,43.2128,-75.4557,1.71,44,100,2.57
60,Djambala,CG,2023-02-02 21:38:57,-2.5447,14.7533,21.95,74,91,1.21
61,Buala,SB,2023-02-02 21:38:57,-8.145,159.5921,27.38,80,99,1.94
62,Sosnovo-Ozerskoye,RU,2023-02-02 21:38:58,52.5249,111.5418,-28.09,100,63,1.82
63,Koubia,GN,2023-02-02 21:38:58,11.5833,-11.9,23.05,21,96,0.37
64,Arraial Do Cabo,BR,2023-02-02 21:35:01,-22.9661,-42.0278,28.98,74,20,4.63
65,Trincomalee,LK,2023-02-02 21:38:59,8.5711,81.2335,26.03,81,51,4.83
66,Paamiut,GL,2023-02-02 21:38:59,61.994,-49.6678,-16.32,89,100,6.17
67,Chokurdakh,RU,2023-02-02 21:36:06,70.6333,147.9167,-25.71,99,99,1.79
68,Port Alfred,ZA,2023-02-02 21:39:00,-33.5906,26.891,20.66,93,15,1.34
69,Provideniya,RU,2023-02-02 21:39:00,64.3833,-173.3,-9.94,67,40,10.0
70,Nizhnevartovsk,RU,2023-02-02 21:39:01,60.9344,76.5531,-12.99,100,100,1.0
71,Medina,SA,2023-02-02 21:34:40,24.4686,39.6142,16.24,29,0,1.54
72,Cape Town,ZA,2023-02-02 21:39:01,-33.9258,18.4232,19.23,68,0,8.23
73,Rawson,AR,2023-02-02 21:39:02,-43.3002,-65.1023,25.43,50,33,5.39
74,Rubiataba,BR,2023-02-02 21:39:04,-15.1644,-49.8033,22.37,88,82,0.58
75,Natal,BR,2023-02-02 21:39:06,-5.795,-35.2094,27.36,74,40,7.2
76,Nikolskoye,RU,2023-02-02 21:39:08,59.7035,30.7861,-1.06,98,100,0.81
77,Los Llanos De Aridane,ES,2023-02-02 21:39:13,28.6585,-17.9182,14.86,73,75,4.12
78,Nanortalik,GL,2023-02-02 21:39:17,60.1432,-45.2371,-10.36,77,98,6.08
79,Avarua,CK,2023-02-02 21:39:19,-21.2078,-159.775,28.03,83,20,5.14
80,Tiksi,RU,2023-02-02 21:39:20,71.6872,128.8694,-33.72,98,82,3.33
81,Jaunjelgava,LV,2023-02-02 21:39:20,56.6167,25.0833,-2.5,87,98,4.18
82,Mogadishu,SO,2023-02-02 21:39:21,2.0371,45.3438,24.42,81,81,8.17
83,Busselton,AU,2023-02-02 21:39:22,-33.65,115.3333,15.88,84,7,6.93
84,Souillac,MU,2023-02-02 21:38:03,-20.5167,57.5167,25.21,88,40,1.54
85,Zimovniki,RU,2023-02-02 21:39:23,47.1483,42.4633,-2.04,86,85,1.78
86,Hirara,JP,2023-02-02 21:37:37,24.8,125.2833,19.43,77,95,6.86
87,Aleysk,RU,2023-02-02 21:39:24,52.4926,82.7822,-20.13,100,60,0.96
88,Broadford,AU,2023-02-02 21:39:24,-37.2,145.0667,10.3,76,93,4.65
89,San Patricio,US,2023-02-02 21:34:52,28.017,-97.5169,8.92,69,93,7.28
90,Walvis Bay,NA,2023-02-02 21:39:25,-22.9575,14.5053,18.38,82,97,1.54
91,Thompson,CA,2023-02-02 21:39:25,55.7435,-97.8558,-27.91,63,20,5.14
92,Rajmahal,IN,2023-02-02 21:39:26,25.05,87.8333,12.55,64,56,3.36
93,Cabra,ES,2023-02-02 21:39:27,37.4725,-4.4421,6.58,62,0,1.52
94,Vardo,NO,2023-02-02 21:39:27,70.3705,31.1107,-2.35,67,100,3.11
95,Yar-Sale,RU,2023-02-02 21:40:28,66.8333,70.8333,-15.17,95,19,3.8
96,Castro,BR,2023-02-02 21:40:28,-24.7911,-50.0119,19.09,94,100,4.03
97,Chuy,UY,2023-02-02 21:35:40,-33.6971,-53.4616,20.32,92,100,6.16
98,Tecoanapa,MX,2023-02-02 21:40:29,16.5167,-98.75,29.62,50,3,5.3
99,Geraldton,AU,2023-02-02 21:40:29,-28.7667,114.6,26.23,31,20,1.03
100,Puerto Ayora,EC,2023-02-02 21:40:29,-0.7393,-90.3518,29.98,90,99,4.47
101,Shingu,JP,2023-02-02 21:40:30,33.7333,135.9833,2.0,67,28,2.37
102,Terney,RU,2023-02-02 21:40:30,45.0503,136.6092,-14.61,73,59,4.3
103,Moctezuma,MX,2023-02-02 21:36:11,29.8,-109.6667,20.13,24,0,2.4
104,Yulara,AU,2023-02-02 21:40:31,-25.2406,130.9889,19.47,49,0,6.34
105,Chumikan,RU,2023-02-02 21:40:31,54.7183,135.315,-26.37,87,82,8.41
106,Yellowknife,CA,2023-02-02 21:38:53,62.456,-114.3525,-28.58,76,20,5.14
107,Tual,ID,2023-02-02 21:40:32,-5.6667,132.75,28.28,76,100,6.84
108,Hithadhoo,MV,2023-02-02 21:40:32,-0.6,73.0833,28.18,64,87,5.81
109,Meulaboh,ID,2023-02-02 21:36:15,4.1363,96.1285,24.37,91,100,2.18
110,Kidal,ML,2023-02-02 21:40:33,18.4411,1.4078,21.8,10,10,5.93
111,Touros,BR,2023-02-02 21:40:33,-5.1989,-35.4608,26.76,76,49,6.89
112,Harper,LR,2023-02-02 21:40:33,4.375,-7.7169,26.59,85,7,3.25
113,Mugur-Aksy,RU,2023-02-02 21:40:34,50.35,90.5,-19.83,80,2,2.59
114,Coahuayana,MX,2023-02-02 21:40:34,18.7333,-103.6833,30.91,36,60,3.23
115,Sao Joao Dos Patos,BR,2023-02-02 21:37:39,-6.495,-43.7022,23.58,88,100,1.83
116,Laguna,US,2023-02-02 21:40:35,38.421,-121.4238,16.21,54,0,3.09
117,Beringovskiy,RU,2023-02-02 21:36:59,63.05,179.3167,-12.96,94,100,5.48
118,Ahipara,NZ,2023-02-02 21:40:35,-35.1667,173.1667,22.89,91,98,3.25
119,Fairbanks,US,2023-02-02 21:40:36,64.8378,-147.7164,-10.78,84,100,1.54
120,Altamont,US,2023-02-02 21:40:36,42.2068,-121.7372,10.5,27,0,8.75
121,Guerrero Negro,MX,2023-02-02 21:40:37,27.9769,-114.0611,19.89,35,13,4.73
122,Punta Arenas,CL,2023-02-02 21:40:37,-53.15,-70.9167,19.06,42,0,11.83
123,Ayagoz,KZ,2023-02-02 21:40:37,47.9714,80.4392,-11.62,86,100,2.68
124,Bud,US,2023-02-02 21:40:38,39.447,-86.1758,4.96,49,77,5.12
125,Bengkulu,ID,2023-02-02 21:40:38,-3.8004,102.2655,23.28,90,100,2.18
126,Yilan,TW,2023-02-02 21:40:39,24.757,121.753,17.98,99,100,0.95
127,Georgetown,MY,2023-02-02 21:37:31,5.4112,100.3354,25.96,100,20,1.03
128,Upernavik,GL,2023-02-02 21:36:37,72.7868,-56.1549,-22.82,86,80,1.97
129,Bredasdorp,ZA,2023-02-02 21:40:39,-34.5322,20.0403,17.19,75,1,0.59
130,Port Hardy,CA,2023-02-02 21:40:40,50.6996,-127.4199,7.1,76,100,10.8
131,Aklavik,CA,2023-02-02 21:38:44,68.2191,-135.0107,-36.0,75,20,3.6
132,Hilo,US,2023-02-02 21:37:49,19.7297,-155.09,30.16,69,20,4.92
133,Puerto Madero,MX,2023-02-02 21:40:40,14.7208,-92.4215,32.11,51,0,4.12
134,Dnipryany,UA,2023-02-02 21:40:41,46.7463,33.2729,1.25,88,23,2.68
135,Madang,PG,2023-02-02 21:40:41,-5.2246,145.7966,26.19,82,100,2.45
136,Zhigansk,RU,2023-02-02 21:37:46,66.7697,123.3711,-33.93,99,100,3.27
137,Shimoda,JP,2023-02-02 21:40:42,34.6667,138.95,3.39,67,100,6.58
138,Codrington,AU,2023-02-02 21:40:42,-38.2667,141.9667,11.61,71,100,7.37
139,Tabou,CI,2023-02-02 21:40:43,4.423,-7.3528,26.58,85,6,3.27
140,Teya,RU,2023-02-02 21:41:43,60.3778,92.6267,-16.4,98,100,1.63
141,Grindavik,IS,2023-02-02 21:41:44,63.8424,-22.4338,2.26,93,75,17.49
142,Portland,US,2023-02-02 21:30:15,45.5234,-122.6762,11.45,51,75,2.06
143,Barrow,US,2023-02-02 21:41:44,71.2906,-156.7887,-18.99,78,100,5.14
144,Akdepe,TM,2023-02-02 21:41:45,42.0551,59.3788,1.05,88,7,2.6
145,Somanda,TZ,2023-02-02 21:41:45,-3.3667,33.95,17.58,88,43,2.42
146,Pangody,RU,2023-02-02 21:41:45,65.85,74.4859,-15.34,98,48,3.76
147,Cayenne,GF,2023-02-02 21:41:46,4.9333,-52.3333,23.02,94,75,3.09
148,Esperance,AU,2023-02-02 21:41:46,-33.8667,121.9,16.08,73,46,3.56
149,Aras,ES,2023-02-02 21:41:46,42.5617,-2.356,1.23,81,0,5.14
150,Terrace,CA,2023-02-02 21:37:32,54.5163,-128.6035,0.95,100,100,3.09
151,Vaini,TO,2023-02-02 21:41:00,-21.2,-175.2,28.09,83,75,5.66
152,Plettenberg Bay,ZA,2023-02-02 21:41:47,-34.0527,23.3716,19.17,82,77,1.26
153,Salalah,OM,2023-02-02 21:41:07,17.0151,54.0924,23.05,60,75,1.54
154,Maniitsoq,GL,2023-02-02 21:41:48,65.4167,-52.9,-13.13,83,100,6.65
155,Safaga,EG,2023-02-02 21:41:48,26.7292,33.9365,14.71,48,1,6.59
156,Moree,AU,2023-02-02 21:41:48,-29.4667,149.85,25.9,50,0,3.19
157,Oyama,JP,2023-02-02 21:41:49,36.3,139.8,5.33,53,63,2.03
158,San Clemente,US,2023-02-02 21:41:49,33.427,-117.612,23.18,42,100,0.89
159,Ushtobe,KZ,2023-02-02 21:41:50,45.2514,77.9838,-3.98,89,100,2.11
160,Hofn,IS,2023-02-02 21:41:50,64.2539,-15.2082,3.69,81,78,9.38
161,Port Elizabeth,ZA,2023-02-02 21:41:50,-33.918,25.5701,20.73,89,75,4.63
162,Pisco,PE,2023-02-02 21:41:52,-13.7,-76.2167,26.03,69,0,9.77
163,Butaritari,KI,2023-02-02 21:41:52,3.0707,172.7902,27.14,78,100,8.04
164,Sao Gabriel Da Cachoeira,BR,2023-02-02 21:39:05,-0.1303,-67.0892,24.54,93,98,1.45
165,Lebu,CL,2023-02-02 21:40:46,-37.6167,-73.65,16.75,75,0,11.02
166,Moindou,NC,2023-02-02 21:41:53,-21.6924,165.677,28.53,61,82,2.06
167,Mostovskoy,RU,2023-02-02 21:41:53,44.4122,40.7936,-1.68,83,100,2.49
168,Severo-Kurilsk,RU,2023-02-02 21:38:59,50.6789,156.125,-2.75,93,100,21.93
169,Kodiak,US,2023-02-02 21:41:54,57.79,-152.4072,-1.27,86,100,1.54
170,Bordighera,IT,2023-02-02 21:41:54,43.7806,7.6645,12.0,82,0,2.68
171,Benemerito De Las Americas,MX,2023-02-02 21:41:55,16.5167,-90.6439,30.66,40,11,1.63
172,Ruteng,ID,2023-02-02 21:41:55,-8.6136,120.4721,16.63,92,100,0.73
173,Kruisfontein,ZA,2023-02-02 21:41:55,-34.0033,24.7314,17.08,90,2,2.76
174,Cherskiy,RU,2023-02-02 21:40:56,68.75,161.3,-26.96,100,98,1.43
175,Akalkot,IN,2023-02-02 21:41:56,17.5333,76.2167,20.32,28,97,5.01
176,Sur,OM,2023-02-02 21:41:56,22.5667,59.5289,19.38,66,0,1.14
177,Kaitangata,NZ,2023-02-02 21:37:10,-46.2817,169.8464,24.09,57,33,1.4
178,Norman Wells,CA,2023-02-02 21:41:57,65.282,-126.8329,-32.98,75,20,2.06
179,Carnarvon,AU,2023-02-02 21:41:57,-24.8667,113.6333,27.89,60,24,1.88
180,New Norfolk,AU,2023-02-02 21:41:58,-42.7826,147.0587,10.72,70,9,1.46
181,Coquimbo,CL,2023-02-02 21:41:58,-29.9533,-71.3436,19.85,72,40,6.17
182,Namibe,AO,2023-02-02 21:41:58,-15.1961,12.1522,22.58,76,52,1.8
183,Ojinaga,MX,2023-02-02 21:41:59,29.5667,-104.4167,19.21,42,0,6.17
184,Labuhan,ID,2023-02-02 21:41:59,-6.8844,112.2051,24.5,89,100,2.67
185,Kaeo,NZ,2023-02-02 21:41:59,-35.1,173.7833,24.07,97,100,3.91
186,Coihaique,CL,2023-02-02 21:42:00,-45.5752,-72.0662,21.97,46,20,3.6
187,Aracuai,BR,2023-02-02 21:43:00,-16.8497,-42.0703,24.36,78,100,0.9
188,Great Yarmouth,GB,2023-02-02 21:43:01,52.6083,1.7305,9.72,78,72,7.78
189,Alma,CA,2023-02-02 21:38:53,48.5501,-71.6491,-5.93,76,100,6.22
190,Nemuro,JP,2023-02-02 21:43:01,43.3236,145.575,-10.22,78,22,5.17
191,Pilar,BR,2023-02-02 21:43:02,-9.5972,-35.9567,26.96,80,65,3.1
192,Nanae,JP,2023-02-02 21:43:03,41.8833,140.6833,-9.87,85,75,2.06
193,Atuona,PF,2023-02-02 21:43:03,-9.8,-139.0333,25.92,80,64,9.67
194,Bridlington,GB,2023-02-02 21:43:04,54.0831,-0.1919,9.96,77,100,10.89
195,Almaznyy,RU,2023-02-02 21:43:04,48.0448,40.045,-0.22,83,98,2.6
196,Cairns,AU,2023-02-02 21:43:05,-16.9167,145.7667,27.81,93,96,1.54
197,Cavalcante,BR,2023-02-02 21:43:06,-13.7975,-47.4583,23.31,74,75,0.69
198,Veraval,IN,2023-02-02 21:43:06,20.9,70.3667,21.68,44,37,4.7
199,Jacareacanga,BR,2023-02-02 21:43:07,-6.2222,-57.7528,25.57,80,79,1.12
200,Martapura,ID,2023-02-02 21:43:07,-3.4167,114.85,24.05,100,100,1.03
201,Yumen,CN,2023-02-02 21:43:07,40.2833,97.2,-6.63,41,17,1.14
202,Soltsy,RU,2023-02-02 21:43:08,58.1239,30.3238,-3.1,98,100,1.86
203,Fayaoue,NC,2023-02-02 21:43:08,-20.65,166.5333,27.15,82,37,4.72
204,Sistranda,NO,2023-02-02 21:40:49,63.7256,8.834,-1.02,65,13,9.33
205,Beira,MZ,2023-02-02 21:40:27,-19.8436,34.8389,27.05,78,20,4.12
206,Calvia,ES,2023-02-02 21:43:09,39.5657,2.5062,6.71,70,0,2.28
207,Itoman,JP,2023-02-02 21:43:10,26.1247,127.6694,17.01,72,20,3.6
208,Srednekolymsk,RU,2023-02-02 21:43:10,67.45,153.6833,-34.66,100,100,0.26
209,Cleveland,US,2023-02-02 21:43:04,41.4995,-81.6954,4.38,43,20,8.23
210,Edson,CA,2023-02-02 21:43:11,53.5835,-116.4356,-14.92,78,0,0.0
211,Baiyin,CN,2023-02-02 21:43:11,36.5583,104.2081,-4.36,44,0,1.54
212,Longyearbyen,SJ,2023-02-02 21:43:12,78.2186,15.6401,-15.09,72,20,8.23
213,Avera,US,2023-02-02 21:43:13,33.194,-82.5271,10.73,87,100,2.58
214,Kavieng,PG,2023-02-02 21:43:13,-2.5744,150.7967,28.41,72,86,2.55
215,Cockburn Town,TC,2023-02-02 21:40:56,21.4612,-71.1419,24.84,69,35,8.84
216,Raudeberg,NO,2023-02-02 21:43:14,61.9875,5.1352,2.37,65,100,3.65
217,Eskisehir,TR,2023-02-02 21:38:44,39.7767,30.5206,-2.05,100,40,0.51
218,Gravdal,NO,2023-02-02 21:43:15,68.1214,13.5031,0.94,75,40,4.12
219,Tasiilaq,GL,2023-02-02 21:43:15,65.6145,-37.6368,-4.91,86,100,1.68
220,Lavrentiya,RU,2023-02-02 21:43:16,65.5833,-171.0,-18.1,93,12,3.51
221,Tolaga Bay,NZ,2023-02-02 21:43:16,-38.3667,178.3,22.13,75,100,4.52
222,Saint George,US,2023-02-02 21:38:25,37.1041,-113.5841,13.57,30,0,0.89
223,Gusev,RU,2023-02-02 21:43:17,54.5922,22.1997,-1.58,87,68,4.25
224,Moose Factory,CA,2023-02-02 21:43:17,51.2585,-80.6094,-28.0,63,100,7.72
225,Lagoa,PT,2023-02-02 21:43:18,39.05,-27.9833,14.49,85,40,10.97
226,Dikson,RU,2023-02-02 21:43:18,73.5069,80.5464,-15.94,91,100,2.92
227,Ramban,IN,2023-02-02 21:43:19,33.25,75.25,7.56,63,39,4.82
228,Tahoua,NE,2023-02-02 21:43:19,14.8888,5.2692,26.99,12,21,2.06
229,Bull Savanna,JM,2023-02-02 21:43:20,17.8868,-77.5902,25.53,71,6,6.48
230,Auki,SB,2023-02-02 21:43:20,-8.7676,160.7034,27.33,80,96,2.12
231,Chaohu,CN,2023-02-02 21:43:21,31.6,117.8667,2.4,87,100,0.84
232,Krasnoselkup,RU,2023-02-02 21:44:21,65.7,82.4667,-18.35,99,55,3.56
233,Craig,US,2023-02-02 21:44:22,40.5153,-107.5464,-3.21,72,0,0.0
234,Port Stanley,FK,2023-02-02 21:44:22,-51.7,-57.85,20.16,75,96,7.06
235,Dingle,PH,2023-02-02 21:44:23,10.9995,122.6711,23.35,94,86,3.95
236,Tubuala,PA,2023-02-02 21:44:23,9.5167,-79.0333,26.24,78,38,6.13
237,Bima,ID,2023-02-02 21:44:23,-8.4667,118.7167,23.74,95,100,1.04
238,Vila Do Maio,CV,2023-02-02 21:44:24,15.1333,-23.2167,21.44,74,59,7.98
239,Sambava,MG,2023-02-02 21:44:24,-14.2667,50.1667,24.83,86,29,5.55
240,Aksarka,RU,2023-02-02 21:44:25,66.5606,67.7975,-14.63,96,60,3.6
241,Saint-Joseph,RE,2023-02-02 21:44:25,-21.3667,55.6167,24.21,86,43,5.8
242,Sinnamary,GF,2023-02-02 21:44:25,5.3833,-52.95,24.63,87,93,4.08
243,Kununurra,AU,2023-02-02 21:44:26,-15.7667,128.7333,23.99,94,97,0.0
244,Huarmey,PE,2023-02-02 21:44:26,-10.0681,-78.1522,24.16,74,74,4.48
245,Mumford,GH,2023-02-02 21:44:26,5.2618,-0.759,26.34,86,15,2.76
246,Lardos,GR,2023-02-02 21:44:27,36.0942,28.0157,9.9,68,31,1.55
247,Sembe,CG,2023-02-02 21:44:27,1.6481,14.5806,21.7,87,76,0.57
248,Fushun,CN,2023-02-02 21:44:28,41.8558,123.9233,-11.16,55,100,1.68
249,Kui Buri,TH,2023-02-02 21:44:28,12.0828,99.8543,24.18,71,85,1.9
250,Magole,TZ,2023-02-02 21:44:28,-6.3667,37.3667,21.65,88,92,0.79
251,Sitka,US,2023-02-02 21:44:12,57.0531,-135.33,5.94,70,100,2.57
252,Awjilah,LY,2023-02-02 21:44:29,29.1081,21.2869,11.97,49,62,1.3
253,Iisalmi,FI,2023-02-02 21:44:29,63.5592,27.1907,-13.57,99,92,0.94
254,Isangel,VU,2023-02-02 21:44:30,-19.55,169.2667,29.33,72,35,3.97
255,Puerto Carreno,CO,2023-02-02 21:44:30,6.189,-67.4859,32.99,43,20,6.17
256,Alta Floresta,BR,2023-02-02 21:44:31,-9.8756,-56.0861,24.95,86,84,0.37
257,Riyadh,SA,2023-02-02 21:41:13,24.6877,46.7219,14.08,65,0,4.51
258,Port Macquarie,AU,2023-02-02 21:44:31,-31.4333,152.9167,26.05,56,4,2.03
259,Carutapera,BR,2023-02-02 21:44:31,-1.195,-46.02,23.21,97,100,2.0
260,Mecca,SA,2023-02-02 21:44:32,21.4267,39.8261,18.19,47,0,3.47
261,Mount Gambier,AU,2023-02-02 21:44:32,-37.8333,140.7667,9.65,82,95,5.51
262,Sitamau,IN,2023-02-02 21:44:33,24.0167,75.35,13.63,41,98,1.62
263,Aripuana,BR,2023-02-02 21:44:33,-9.1667,-60.6333,25.13,92,46,0.41
264,Cidreira,BR,2023-02-02 21:44:34,-30.1811,-50.2056,25.3,80,99,6.17
265,Lianzhou,CN,2023-02-02 21:44:34,24.7811,112.3825,10.28,72,100,1.65
266,Narsaq,GL,2023-02-02 21:43:44,60.9167,-46.05,-10.88,97,70,3.15
267,Takoradi,GH,2023-02-02 21:44:35,4.8845,-1.7554,26.73,86,17,3.03
268,Celendin,PE,2023-02-02 21:44:35,-6.8703,-78.1517,18.29,71,86,2.27
269,Embu,BR,2023-02-02 21:43:50,-23.6489,-46.8522,29.02,91,91,2.5
270,Vila Franca Do Campo,PT,2023-02-02 21:44:36,37.7167,-25.4333,15.23,80,66,5.06
271,Helong,CN,2023-02-02 21:44:36,42.5397,128.9972,-17.22,90,88,2.2
272,Margate,GB,2023-02-02 21:36:48,51.3813,1.3862,9.93,82,57,1.34
273,Westport,US,2023-02-02 21:41:59,41.1415,-73.3579,3.75,41,0,5.14
274,Shenjiamen,CN,2023-02-02 21:44:37,29.9576,122.298,5.53,85,100,5.02
275,Pundaguitan,PH,2023-02-02 21:44:37,6.3711,126.1689,26.63,78,54,7.03
276,Roebourne,AU,2023-02-02 21:44:37,-20.7833,117.1333,29.7,67,64,1.77
277,Conceicao Da Barra,BR,2023-02-02 21:44:38,-18.5933,-39.7322,24.99,85,5,3.53
278,Mackay,AU,2023-02-02 21:44:38,-21.15,149.2,30.38,72,78,2.13
279,Anadyr,RU,2023-02-02 21:44:38,64.75,177.4833,-6.72,68,75,7.0
280,Lata,PT,2023-02-02 21:44:39,40.1629,-8.3327,6.15,79,0,1.68
281,Karratha,AU,2023-02-02 21:45:39,-20.7377,116.8463,29.58,68,46,2.49
282,Beinamar,TD,2023-02-02 21:45:40,8.6698,15.3813,26.35,18,1,1.35
283,Flinders,AU,2023-02-02 21:42:39,-34.5833,150.8552,20.59,57,0,3.13
284,Joshimath,IN,2023-02-02 21:45:41,30.5667,79.5667,5.14,46,80,3.79
285,Kulhudhuffushi,MV,2023-02-02 21:45:41,6.6221,73.07,26.48,77,100,4.01
286,North Platte,US,2023-02-02 21:45:40,41.1239,-100.7654,-5.52,70,0,5.14
287,Makasar,ID,2023-02-02 21:45:42,-5.14,119.4221,24.03,100,75,3.6
288,Ivanovka,KG,2023-02-02 21:45:42,42.8878,75.085,3.64,90,100,0.45
289,Hamilton,US,2023-02-02 21:42:22,39.1834,-84.5333,3.66,47,0,6.17
290,Haines Junction,CA,2023-02-02 21:45:43,60.7522,-137.5108,-8.03,62,100,1.03
291,Marawi,PH,2023-02-02 21:45:43,7.9986,124.2928,18.39,93,100,0.51
292,Saint Anthony,US,2023-02-02 21:45:44,45.0205,-93.218,-13.03,46,0,9.77
293,Victoria,HK,2023-02-02 21:40:51,22.2855,114.1577,18.3,84,77,5.81
294,Bilibino,RU,2023-02-02 21:45:44,68.0546,166.4372,-18.7,96,100,1.49
295,Namatanai,PG,2023-02-02 21:45:45,-3.6667,152.4333,28.15,74,90,1.59
296,Hasaki,JP,2023-02-02 21:45:45,35.7333,140.8333,2.9,73,100,6.77
297,Gilgit,PK,2023-02-02 21:45:45,35.9221,74.3087,1.03,74,84,0.85
298,Kavaratti,IN,2023-02-02 21:45:46,10.5669,72.642,26.35,79,86,2.83
299,Pueblo Nuevo,MX,2023-02-02 21:45:46,23.3833,-105.3833,19.57,28,66,2.98
300,Quelimane,MZ,2023-02-02 21:45:47,-17.8786,36.8883,26.97,83,40,3.13
301,Kirkwall,GB,2023-02-02 21:45:47,58.9848,-2.9587,9.03,87,75,15.43
302,Sao Joao Da Barra,BR,2023-02-02 21:45:47,-21.6403,-41.0511,28.05,88,98,6.91
303,Alamosa,US,2023-02-02 21:45:48,37.4695,-105.87,5.99,24,0,0.14
304,Arman,RU,2023-02-02 21:45:48,59.7,150.1667,-19.68,90,72,3.59
305,El Alto,PE,2023-02-02 21:45:49,-4.2714,-81.2147,28.81,71,81,6.5
306,Iralaya,HN,2023-02-02 21:45:49,15.0,-83.2333,26.37,71,7,4.03
307,Jalu,LY,2023-02-02 21:45:49,29.0331,21.5482,11.65,49,67,0.79
308,Huallanca,PE,2023-02-02 21:45:50,-9.8993,-76.9417,11.93,77,99,1.61
309,Tura,IN,2023-02-02 21:45:50,25.5198,90.2201,13.58,60,4,1.67
310,Pokaran,IN,2023-02-02 21:45:51,26.9167,71.9167,15.87,26,0,2.17
311,Huanren,CN,2023-02-02 21:45:51,41.2647,125.3667,-13.37,86,100,0.8
312,Zomin,UZ,2023-02-02 21:45:51,39.9606,68.3958,3.89,69,42,2.3
313,Shieli,KZ,2023-02-02 21:45:52,44.1667,66.75,2.42,96,100,6.08
314,Turayf,SA,2023-02-02 21:45:52,31.6725,38.6637,5.14,81,0,4.12
315,Ocampo,MX,2023-02-02 21:45:52,21.65,-101.5,21.74,19,90,5.68
316,Malko Tarnovo,BG,2023-02-02 21:45:53,41.9833,27.5333,1.5,75,82,2.18
317,Rozhyshche,UA,2023-02-02 21:45:53,50.9154,25.2691,2.29,95,100,6.9
318,Rundu,NA,2023-02-02 21:45:54,-17.9333,19.7667,19.58,94,99,3.06
319,Te Anau,NZ,2023-02-02 21:45:54,-45.4167,167.7167,19.55,88,68,2.02
320,Piacabucu,BR,2023-02-02 21:45:54,-10.4056,-36.4344,26.28,78,88,4.35
321,Qarayeri,AZ,2023-02-02 21:45:55,40.7886,46.3066,3.49,87,75,5.14
322,San Nicolas,PH,2023-02-02 21:45:55,18.1725,120.5953,21.95,88,20,0.51
323,Leo,BF,2023-02-02 21:46:55,11.1,-2.1,26.81,16,6,3.26
324,Zabaykalsk,RU,2023-02-02 21:46:56,49.6333,117.3167,-22.03,99,98,2.8
325,Channel-Port Aux Basques,CA,2023-02-02 21:45:27,47.5702,-59.1367,-4.51,66,100,8.97
326,Poya,NC,2023-02-02 21:46:56,-21.35,165.15,28.26,67,99,2.42
327,Paciran,ID,2023-02-02 21:46:57,-6.8767,112.3761,24.42,90,100,3.28
328,Sheridan,US,2023-02-02 21:46:57,44.8333,-106.9173,-0.3,80,40,0.89
329,Isabela,PH,2023-02-02 21:46:58,6.7085,121.9711,24.03,83,98,0.35
330,Rosarito,MX,2023-02-02 21:46:58,32.3333,-117.0333,22.57,46,100,3.07
331,Padang,ID,2023-02-02 21:46:58,-0.9492,100.3543,24.49,84,100,1.81
332,Hambantota,LK,2023-02-02 21:46:59,6.1241,81.1185,24.19,100,75,4.12
333,Lompoc,US,2023-02-02 21:43:36,34.6391,-120.4579,20.47,33,75,7.72
334,Krasnovishersk,RU,2023-02-02 21:46:59,60.4078,57.082,-11.77,98,98,1.25
335,Oktyabrskiy,RU,2023-02-02 21:47:00,54.4815,53.471,-15.14,93,74,1.82
336,Qasigiannguit,GL,2023-02-02 21:47:00,68.8193,-51.1922,-13.86,91,100,4.06
337,Torbay,CA,2023-02-02 21:44:15,47.6666,-52.7314,-8.24,76,20,5.14
338,Florianopolis,BR,2023-02-02 21:42:05,-27.6146,-48.5012,24.79,90,75,3.09
339,Bubaque,GW,2023-02-02 21:47:01,11.2833,-15.8333,25.04,70,60,6.3
340,George,ZA,2023-02-02 21:47:00,-33.963,22.4617,17.75,88,75,1.54
341,Henties Bay,NA,2023-02-02 21:47:01,-22.116,14.2845,17.71,88,85,1.86
342,Tuatapere,NZ,2023-02-02 21:47:02,-46.1333,167.6833,23.12,68,42,0.22
343,Brownsville,US,2023-02-02 21:47:02,25.9018,-97.4975,10.05,83,100,7.2
344,Oschatz,DE,2023-02-02 21:47:02,51.3,13.1167,3.46,86,100,4.64
345,Inongo,CD,2023-02-02 21:47:03,-1.95,18.2667,23.11,82,56,2.5
346,Koumac,NC,2023-02-02 21:47:03,-20.5667,164.2833,28.55,59,99,1.58
347,Igurubi,TZ,2023-02-02 21:47:04,-4.0,33.7,19.01,92,75,3.7
348,Roald,NO,2023-02-02 21:47:04,62.5833,6.1333,3.2,60,0,6.69
349,Adrar,MR,2023-02-02 21:47:04,20.5022,-10.0711,15.77,15,31,5.45
350,El Carmen,CO,2023-02-02 21:47:05,8.5106,-73.4478,25.35,52,18,2.59
351,Rudnichnyy,RU,2023-02-02 21:47:05,59.617,52.4703,-13.02,97,98,2.03
352,Bandarbeyla,SO,2023-02-02 21:43:30,9.4942,50.8122,23.7,69,6,6.89
353,Pandan,PH,2023-02-02 21:47:06,14.0453,124.1694,25.33,86,27,6.7
354,Port Blair,IN,2023-02-02 21:44:37,11.6667,92.75,25.04,80,31,2.7
355,Lensk,RU,2023-02-02 21:47:08,60.7253,114.9278,-14.63,94,100,4.6
356,Prado,BR,2023-02-02 21:40:06,-17.3411,-39.2208,25.15,82,0,3.65
357,Lodwar,KE,2023-02-02 21:47:09,3.1191,35.5973,29.24,32,100,4.2
358,Dwarka,IN,2023-02-02 21:47:10,22.2394,68.9678,20.28,49,21,3.98
359,Kemi,FI,2023-02-02 21:47:10,65.8596,24.8228,-12.13,85,0,2.06
360,Half Moon Bay,US,2023-02-02 21:47:11,37.4636,-122.4286,18.22,52,0,2.06
361,Road Town,VG,2023-02-02 21:47:11,18.4167,-64.6167,26.02,78,40,3.6
362,Kirakira,SB,2023-02-02 21:47:11,-10.4544,161.9205,28.61,74,69,1.13
363,Kyren,RU,2023-02-02 21:47:12,51.6828,102.1408,-17.19,83,21,0.71
364,Kalmunai,LK,2023-02-02 21:47:12,7.4167,81.8167,24.35,91,97,2.2
365,Broken Hill,AU,2023-02-02 21:47:13,-31.95,141.4333,15.35,42,2,8.97
366,Abu Zabad,SD,2023-02-02 21:47:13,12.35,29.25,18.73,19,35,6.7
367,Bonavista,CA,2023-02-02 21:42:07,48.6499,-53.1147,-7.74,72,92,6.75
368,Riohacha,CO,2023-02-02 21:47:14,11.5444,-72.9072,32.06,31,0,7.2
369,Rassvet,RU,2023-02-02 21:47:15,46.8333,40.75,-0.06,74,31,1.96
370,Cururupu,BR,2023-02-02 21:48:15,-1.8283,-44.8683,22.64,98,88,1.34
371,Yerbogachen,RU,2023-02-02 21:45:38,61.2767,108.0108,-15.07,94,100,4.05
372,Faanui,PF,2023-02-02 21:44:12,-16.4833,-151.75,27.13,78,24,8.14
373,Mkushi,ZM,2023-02-02 21:48:16,-13.6202,29.3939,18.13,96,100,1.62
374,Tocache,PE,2023-02-02 21:48:16,-8.1842,-76.5125,23.82,96,99,0.38
375,Tarata,BO,2023-02-02 21:48:17,-17.6167,-66.0167,17.82,50,87,4.13
376,Ostrovnoy,RU,2023-02-02 21:48:17,68.0531,39.5131,-5.86,88,100,2.29
377,Marathon,US,2023-02-02 21:48:17,44.9,-89.7668,-9.26,41,0,7.72
378,Mahebourg,MU,2023-02-02 21:45:56,-20.4081,57.7,25.7,88,40,1.54
379,Logan,US,2023-02-02 21:47:58,41.7355,-111.8344,-0.45,58,9,0.51
380,Anjozorobe,MG,2023-02-02 21:48:18,-18.4,47.8667,16.31,90,99,3.96
381,Gao,ML,2023-02-02 21:48:19,16.6362,1.637,24.56,12,31,3.88
382,Hermon,US,2023-02-02 21:48:20,44.8101,-68.9134,-0.85,60,100,3.09
383,Olinda,BR,2023-02-02 21:48:20,-8.0089,-34.8553,27.85,69,75,4.12
384,Vanimo,PG,2023-02-02 21:48:21,-2.6741,141.3028,25.94,80,100,1.1
385,Biak,ID,2023-02-02 21:44:11,-0.9131,122.8766,24.47,78,99,1.64
386,Palmer,US,2023-02-02 21:48:21,42.1584,-72.3287,2.65,46,0,2.24
387,Constitucion,CL,2023-02-02 21:45:57,-35.3333,-72.4167,21.78,55,2,8.06
388,Tupik,RU,2023-02-02 21:48:22,54.4253,119.9327,-33.02,99,86,0.88
389,Kannauj,IN,2023-02-02 21:48:22,27.0546,79.922,11.57,54,0,3.28
390,Victor Harbor,AU,2023-02-02 21:48:23,-35.5667,138.6167,13.33,78,99,10.33
391,Las Vegas,US,2023-02-02 21:45:26,36.175,-115.1372,15.69,25,0,3.09
392,Oranjemund,NA,2023-02-02 21:48:24,-28.55,16.4333,16.5,89,0,7.03
393,Sladkovo,RU,2023-02-02 21:48:24,55.5284,70.3385,-15.04,95,93,0.51
394,Viedma,AR,2023-02-02 21:48:25,-40.8135,-62.9967,25.14,41,75,8.26
395,Taoudenni,ML,2023-02-02 21:45:50,22.6783,-3.9836,14.2,14,22,4.76
396,Grand-Lahou,CI,2023-02-02 21:48:25,5.1367,-5.0242,26.21,87,6,3.29
397,Balabac,PH,2023-02-02 21:48:26,7.9868,117.0645,26.72,84,86,6.93
398,Berlevag,NO,2023-02-02 21:48:26,70.8578,29.0864,-4.03,93,100,6.69
399,Robstown,US,2023-02-02 21:48:27,27.7903,-97.6689,9.1,81,100,8.23
400,Vestmannaeyjar,IS,2023-02-02 21:48:27,63.4427,-20.2734,3.61,66,100,13.81
401,Nador,MA,2023-02-02 21:48:28,35.174,-2.9287,12.14,100,75,2.06
402,Faya,SA,2023-02-02 21:44:37,18.3851,42.4509,12.06,59,0,0.96
403,Grand Baie,MU,2023-02-02 21:48:28,-20.0182,57.5802,25.81,81,2,0.45
404,Deputatskiy,RU,2023-02-02 21:48:29,69.3,139.9,-31.2,99,99,1.48
405,Flin Flon,CA,2023-02-02 21:48:29,54.7682,-101.865,-25.09,53,20,4.12
406,Qurayyat,SA,2023-02-02 21:48:29,31.3318,37.3428,8.1,66,0,4.12
407,Mazabuka,ZM,2023-02-02 21:48:30,-15.856,27.748,18.64,96,64,1.97
408,Ibipeba,BR,2023-02-02 21:48:30,-11.6408,-42.0111,24.82,57,100,1.95
409,Caramay,PH,2023-02-02 21:48:31,10.1815,119.236,25.0,88,99,3.05
410,Ilulissat,GL,2023-02-02 21:48:31,69.2167,-51.1,-13.99,61,75,2.57
411,Kutum,SD,2023-02-02 21:48:32,14.2,24.6667,14.75,26,76,3.77
412,Humaita,BR,2023-02-02 21:48:32,-7.5061,-63.0208,25.93,90,65,0.42
413,High Level,CA,2023-02-02 21:43:56,58.5169,-117.136,-21.94,71,100,7.2
414,Mizdah,LY,2023-02-02 21:48:33,31.4451,12.9801,9.73,56,99,3.9
415,Makakilo City,US,2023-02-02 21:49:33,21.3469,-158.0858,26.66,67,0,3.6
416,Pathein,MM,2023-02-02 21:49:34,16.7833,94.7333,21.04,83,11,2.16
417,Pacific Grove,US,2023-02-02 21:45:00,36.6177,-121.9166,16.61,51,0,3.58
418,Hammonton,US,2023-02-02 21:49:34,39.6365,-74.8024,4.04,52,94,3.32
419,Gushikawa,JP,2023-02-02 21:49:35,26.3544,127.8686,16.57,93,0,0.0
420,Beyneu,KZ,2023-02-02 21:49:35,45.3167,55.2,-0.5,79,3,3.56
421,Bam,IR,2023-02-02 21:44:48,29.106,58.357,13.54,63,16,2.52
422,Hovd,MN,2023-02-02 21:49:36,48.0056,91.6419,-19.04,85,5,0.44
423,Ixtapa,MX,2023-02-02 21:44:10,20.7,-105.2,25.13,65,20,4.12
424,Purwokerto,ID,2023-02-02 21:49:36,-7.4214,109.2344,23.2,94,97,1.18
425,Funadhoo,MV,2023-02-02 21:49:37,6.15,73.2667,26.57,76,100,4.26
426,Khatanga,RU,2023-02-02 21:44:38,71.9667,102.5,-36.13,100,53,0.76
427,Ambanja,MG,2023-02-02 21:49:37,-13.6833,48.45,24.11,92,100,1.46
428,Khani,GE,2023-02-02 21:46:07,41.9563,42.9566,-1.24,97,100,1.05
429,Praxedis Guerrero,MX,2023-02-02 21:49:38,31.3667,-106.0167,14.7,25,0,4.5
430,Kuito,AO,2023-02-02 21:49:38,-12.3833,16.9333,15.9,92,100,0.22
431,Asfi,MA,2023-02-02 21:49:38,32.2994,-9.2372,11.28,65,0,7.19
432,Butembo,CD,2023-02-02 21:49:39,0.15,29.2833,16.19,64,52,1.2
433,Osmena,PH,2023-02-02 21:49:39,10.5208,119.9258,26.31,85,97,8.83
434,Omaruru,NA,2023-02-02 21:49:40,-21.4333,15.9333,23.98,48,100,0.32
435,Mnogovershinnyy,RU,2023-02-02 21:49:40,53.9353,139.9242,-30.29,97,57,2.02
436,Badiraguato,MX,2023-02-02 21:49:40,25.3667,-107.5167,25.95,25,41,1.97
437,Khabary,RU,2023-02-02 21:49:41,53.6259,79.5345,-17.89,89,99,2.05
438,Saint-Francois,FR,2023-02-02 21:49:41,46.4154,3.9054,5.69,83,100,0.0
439,Brigantine,US,2023-02-02 21:49:42,39.4101,-74.3646,3.89,51,0,4.12
440,Atbasar,KZ,2023-02-02 21:49:42,51.8,68.3333,-19.73,85,30,3.44
441,Khanpur,PK,2023-02-02 21:49:42,28.6453,70.6567,15.33,32,0,1.4
442,Cam Ranh,VN,2023-02-02 21:49:43,11.9214,109.1591,23.98,88,75,5.14
443,Celestun,MX,2023-02-02 21:49:43,20.8667,-90.4,25.21,77,63,5.03
444,Saldanha,ZA,2023-02-02 21:48:38,-33.0117,17.9442,16.03,85,0,8.26
445,Antsohihy,MG,2023-02-02 21:49:44,-14.8796,47.9875,23.55,93,98,1.55
446,Carballo,ES,2023-02-02 21:49:44,43.213,-8.691,8.68,89,0,1.52
447,Dicabisagan,PH,2023-02-02 21:49:44,17.0818,122.4157,23.89,86,94,2.44
448,Ugoofaaru,MV,2023-02-02 21:49:45,5.6667,73.0,26.45,75,100,4.47
449,Gua Musang,MY,2023-02-02 21:49:45,4.8823,101.9644,22.2,99,95,0.44
450,Nome,US,2023-02-02 21:49:45,64.5011,-165.4064,-11.96,92,75,1.54
451,Nyurba,RU,2023-02-02 21:49:46,63.2842,118.3319,-28.94,98,100,1.1
452,Yei,SS,2023-02-02 21:49:46,4.095,30.6779,23.13,42,4,0.82
453,Charcas,MX,2023-02-02 21:49:47,23.1333,-101.1167,23.72,15,28,5.81
454,Chapais,CA,2023-02-02 21:49:47,49.7834,-74.8492,-12.12,94,100,6.56
455,Richards Bay,ZA,2023-02-02 21:49:47,-28.783,32.0377,23.49,91,100,1.71
456,Kuruman,ZA,2023-02-02 21:49:48,-27.4524,23.4325,19.44,72,48,3.04
457,Atlantic City,US,2023-02-02 21:49:48,39.3643,-74.4229,3.88,48,0,4.12
458,Saint-Augustin,CA,2023-02-02 21:49:48,51.226,-58.6502,-19.86,95,73,2.19
459,Nioro,GM,2023-02-02 21:49:49,13.35,-15.75,25.78,22,62,3.54
460,College,US,2023-02-02 21:49:49,64.8569,-147.8028,-10.79,85,100,1.54
461,Leningradskiy,RU,2023-02-02 21:50:50,69.3833,178.4167,-30.27,100,100,2.39
462,Deoria,IN,2023-02-02 21:50:50,26.5047,83.7872,10.14,67,0,2.32
463,Kayerkan,RU,2023-02-02 21:50:50,69.3497,87.7602,-10.82,92,100,3.07
464,Damaturu,NG,2023-02-02 21:50:51,11.747,11.9608,21.08,23,95,4.01
465,Katsuura,JP,2023-02-02 21:50:51,35.1333,140.3,4.44,93,100,7.08
466,Pevek,RU,2023-02-02 21:50:52,69.7008,170.3133,-25.81,100,68,1.26
467,Mangaratiba,BR,2023-02-02 21:50:52,-22.9597,-44.0406,29.48,86,33,1.97
468,Murgab,TM,2023-02-02 21:50:52,37.4966,61.9714,5.93,87,1,4.12
469,Doctor Juan Leon Mallorquin,PY,2023-02-02 21:50:53,-25.4,-55.2667,29.85,73,46,0.96
470,Ancud,CL,2023-02-02 21:50:53,-41.8697,-73.8203,17.96,73,13,2.56
471,Mizan Teferi,ET,2023-02-02 21:50:54,6.9833,35.5833,19.78,47,78,0.82
472,Denpasar,ID,2023-02-02 21:46:34,-8.65,115.2167,25.81,94,40,2.06
473,Porto Novo,BJ,2023-02-02 21:50:55,6.4965,2.6036,28.9,76,2,2.98
474,Hellin,ES,2023-02-02 21:50:55,38.5106,-1.701,6.07,48,0,1.25
475,Gobabis,NA,2023-02-02 21:50:55,-22.45,18.9667,22.14,69,97,3.63
476,Reinosa,ES,2023-02-02 21:50:56,42.9996,-4.138,-0.86,72,0,0.82
477,Abashiri,JP,2023-02-02 21:50:56,44.0213,144.2697,-11.31,92,100,0.73
478,Puerto Lopez,CO,2023-02-02 21:50:56,4.0845,-72.956,33.98,23,10,3.96
479,Elk,PL,2023-02-02 21:50:57,53.8282,22.3647,-1.25,87,35,5.31
480,Adelaide,AU,2023-02-02 21:50:28,-34.9333,138.6,16.23,57,40,11.32
481,Kupang,ID,2023-02-02 21:50:57,-10.1667,123.5833,25.32,100,100,2.57
482,Poum,NC,2023-02-02 21:50:58,-20.2333,164.0167,28.03,69,100,8.52
483,Dalvik,IS,2023-02-02 21:50:58,65.9702,-18.5286,1.96,92,100,2.24
484,Udachnyy,RU,2023-02-02 21:50:59,66.4167,112.4,-29.2,74,100,1.45
485,Voi,KE,2023-02-02 21:50:59,-3.3945,38.563,22.24,84,66,1.37
486,Nara,JP,2023-02-02 21:48:34,34.6851,135.8049,1.39,62,98,0.49
487,Ilongero,TZ,2023-02-02 21:50:59,-4.6667,34.8667,15.09,90,94,0.64
488,Inhambane,MZ,2023-02-02 21:51:00,-23.865,35.3833,24.48,76,7,3.97
489,Lusambo,CD,2023-02-02 21:51:00,-4.9667,23.45,20.97,94,46,0.7
490,Tsabong,BW,2023-02-02 21:51:01,-26.0217,22.401,24.43,65,81,5.41
491,Olesno,PL,2023-02-02 21:51:01,50.877,18.4209,0.61,88,60,4.69
492,La Ronge,CA,2023-02-02 21:51:02,55.1001,-105.2842,-22.86,41,40,2.06
493,Kahului,US,2023-02-02 21:51:02,20.8947,-156.47,28.32,75,20,4.92
494,Uglovskoye,RU,2023-02-02 21:51:03,51.3557,80.1942,-18.35,99,92,0.61
495,Donskoye,RU,2023-02-02 21:51:04,45.4552,41.9741,-1.93,89,99,1.85
496,Mangrol,IN,2023-02-02 21:51:04,21.1167,70.1167,20.85,41,55,4.68
497,Klyuchi,RU,2023-02-02 21:51:05,52.2667,79.1667,-21.34,100,69,1.63
498,Santa Isabel Do Rio Negro,BR,2023-02-02 21:51:05,-0.4139,-65.0192,27.79,69,99,0.72
499,Winnemucca,US,2023-02-02 21:46:10,40.973,-117.7357,4.88,51,0,1.69
500,Praia Da Vitoria,PT,2023-02-02 21:51:06,38.7333,-27.0667,15.14,88,40,8.22
501,Aswan,EG,2023-02-02 21:51:06,24.0934,32.907,13.61,38,0,2.57
502,Vostok,RU,2023-02-02 21:51:07,46.4856,135.8833,-24.24,99,100,1.6
503,Fukue,JP,2023-02-02 21:51:07,32.6881,128.8419,9.62,61,91,5.67
504,Itarema,BR,2023-02-02 21:50:48,-2.9248,-39.9167,26.46,80,100,5.87
505,Manta,EC,2023-02-02 21:50:16,-0.95,-80.7333,28.88,79,75,5.66
506,Umea,SE,2023-02-02 21:50:57,63.8284,20.2597,-10.61,85,0,1.03
507,Mokhsogollokh,RU,2023-02-02 21:52:08,61.4681,128.9203,-29.99,99,100,1.34
508,Shentala,RU,2023-02-02 21:52:08,54.45,51.4833,-7.08,96,100,2.19
509,Namasuba,UG,2023-02-02 21:52:09,0.6894,32.4214,18.28,61,54,0.75
510,Winkler,CA,2023-02-02 21:52:09,49.1817,-97.941,-23.88,58,6,3.6
511,Roswell,US,2023-02-02 21:52:09,34.0232,-84.3616,9.72,94,100,3.09
512,Chekhov,RU,2023-02-02 21:48:23,55.1431,37.4711,-1.03,96,99,3.05
513,Manadhoo,MV,2023-02-02 21:52:10,5.7667,73.3833,26.5,77,100,4.82
514,Kastamonu,TR,2023-02-02 21:52:11,41.5,33.6667,-4.64,94,53,1.13
515,Sawakin,SD,2023-02-02 21:52:11,19.1059,37.3321,21.71,58,22,4.08
516,Dawson Creek,CA,2023-02-02 21:52:12,55.7666,-120.2362,-15.2,78,0,3.09
517,Sao Jose Da Coroa Grande,BR,2023-02-02 21:52:13,-8.8978,-35.1478,26.39,76,28,4.07
518,Lorengau,PG,2023-02-02 21:52:13,-2.0226,147.2712,27.66,76,77,0.86
519,Tiznit,MA,2023-02-02 21:52:14,29.5833,-9.5,10.17,49,0,1.15
520,Usinsk,RU,2023-02-02 21:52:14,65.9939,57.5281,-5.95,95,100,6.57
521,Krasnoborsk,RU,2023-02-02 21:52:15,61.5598,45.934,-4.89,96,100,1.99
522,Cape Coast,GH,2023-02-02 21:52:15,5.1053,-1.2466,26.51,87,21,3.1
523,Matagami,CA,2023-02-02 21:47:46,49.7502,-77.6328,-21.94,64,20,8.75
524,Angoram,PG,2023-02-02 21:52:16,-4.0625,144.0661,25.4,82,100,0.33
525,Basco,PH,2023-02-02 21:52:16,20.4487,121.9702,23.56,79,88,5.91
526,Port Lincoln,AU,2023-02-02 21:52:17,-34.7333,135.8667,14.99,57,100,10.61
527,Pangnirtung,CA,2023-02-02 21:52:17,66.1451,-65.7125,-28.0,69,75,1.54
528,Klaksvik,FO,2023-02-02 21:52:17,62.2266,-6.589,5.51,87,100,16.11
529,Saint-Pierre,RE,2023-02-02 21:52:18,-21.3393,55.4781,24.82,94,75,4.63
530,Akhmim,EG,2023-02-02 21:52:18,26.5622,31.745,11.11,46,1,2.96
531,Byron Bay,AU,2023-02-02 21:52:18,-28.65,153.6167,26.51,82,17,1.59
532,Jiayuguan,CN,2023-02-02 21:52:19,39.8167,98.3,-6.52,43,11,1.11
533,Sjovegan,NO,2023-02-02 21:52:19,68.8726,17.8474,-11.03,93,59,2.96
534,Paita,PE,2023-02-02 21:52:20,-5.0892,-81.1144,25.74,71,60,6.37
535,Avesta,SE,2023-02-02 21:52:20,60.1455,16.1679,-8.67,95,13,1.14
536,Normandin,CA,2023-02-02 21:52:20,48.8333,-72.5321,-6.83,73,100,7.72
537,Padilla,CO,2023-02-02 21:52:21,3.2204,-76.3139,30.76,62,46,0.79
538,Port-Cartier,CA,2023-02-02 21:52:22,50.0334,-66.8654,-9.58,90,100,2.23
539,Zunyi,CN,2023-02-02 21:52:22,27.6867,106.9072,5.83,87,100,1.06
540,Nelson Bay,AU,2023-02-02 21:52:22,-32.7167,152.15,26.73,57,0,1.79
541,Kassala,SD,2023-02-02 21:52:23,15.451,36.4,20.8,57,8,4.24
542,Port Arthur,CN,2023-02-02 21:52:23,38.8,121.2667,-4.37,50,50,2.31
543,Jiaojiang,CN,2023-02-02 21:52:24,28.6803,121.4428,7.22,82,100,2.58
544,Gamba,GA,2023-02-02 21:52:24,-2.65,10.0,26.19,87,91,2.81
545,Boa Vista,BR,2023-02-02 21:52:24,2.8197,-60.6733,31.99,45,40,6.69
546,Iqaluit,CA,2023-02-02 21:52:25,63.7506,-68.5145,-37.15,67,20,1.03
547,Aktash,RU,2023-02-02 21:52:25,50.3,87.7333,-21.54,87,4,2.19
548,Kofele,ET,2023-02-02 21:52:26,7.0667,38.7833,11.26,42,100,2.67
549,Gazojak,TM,2023-02-02 21:53:26,41.1875,61.4036,1.97,87,28,2.52
550,Yingcheng,CN,2023-02-02 21:53:27,30.95,113.55,1.41,83,100,1.68
551,Sisimiut,GL,2023-02-02 21:53:27,66.9395,-53.6735,-11.13,81,100,10.5
552,Yima,CN,2023-02-02 21:53:27,34.7381,111.8839,-2.55,72,53,0.81
553,Russell,US,2023-02-02 21:53:00,32.3502,-85.1999,12.6,94,100,2.06
554,Kota Kinabalu,MY,2023-02-02 21:53:28,5.9749,116.0724,23.99,94,20,1.03
555,Khor,RU,2023-02-02 21:53:28,47.8861,134.9464,-30.94,100,21,1.79
556,Wodonga,AU,2023-02-02 21:53:29,-36.1167,146.8833,11.65,100,13,4.65
557,Baruun-Urt,MN,2023-02-02 21:53:29,46.6806,113.2792,-19.93,84,14,2.93
558,Beloha,MG,2023-02-02 21:53:30,-25.1667,45.05,21.83,84,60,5.01
559,Daru,PG,2023-02-02 21:53:30,-9.0763,143.2092,24.61,94,100,4.3
560,Dangriga,BZ,2023-02-02 21:53:30,16.9692,-88.2321,26.32,74,26,4.08
561,Pingliang,CN,2023-02-02 21:53:31,35.5392,106.6861,-1.15,48,54,0.43
562,Cartagena Del Chaira,CO,2023-02-02 21:53:31,1.3349,-74.8429,34.69,22,10,2.36
563,Yachiyo,JP,2023-02-02 21:53:32,35.7294,140.0985,5.45,50,97,3.1
564,Mareeba,AU,2023-02-02 21:53:32,-17.0,145.4333,25.4,93,88,1.54
565,Deep River,CA,2023-02-02 21:53:32,46.1001,-77.4995,-1.14,88,100,6.71
566,Baykit,RU,2023-02-02 21:53:33,61.67,96.37,-22.26,100,93,1.16
